{"epoch": 0, "Loss/train_all": 428.2099351149339, "_timestamp": 1699315078.6585157, "_runtime": 29.212862730026245, "_step": 1, "Acc/train": 0.0}